Species,chao,chao.se,jack1,jack1.se,jack2,boot,boot.se,n,PlotTreatmentStatus,phase
170,198.9241622574956,11.982083664487064,209.04761904761904,8.67255163878761,222.05574912891984,188.8594184030075,6.017246093699328,42,Treatment,pre
174,205.21951219512195,12.94880782285819,213.02439024390245,9.628433007980743,227.8871951219512,192.88969356865718,6.230417398638989,41,Treatment,post_01
210,252.07717569786536,15.645050586832703,258.8095238095238,12.98826436972502,279.4831591173055,233.21258785837983,8.586653899112315,42,Treatment,post_05
181,255.54464285714286,24.693876554528043,244.25,21.02453923395231,280.1992753623189,209.0139824534245,12.033104839770349,24,Treatment,post_10
165,202.27272727272728,15.360922054718898,205,9.975579939128913,223.59634146341463,183.79088484405437,6.213660894692151,41,Control,pre
153,186.09568480300186,13.399259290169342,193.97560975609755,12.60954380158131,209.81341463414634,172.14224390661565,7.358720039555555,41,Control,post_01
169,201.01773835920176,13.657372259579978,206.0731707317073,9.110335633115124,221.81585365853658,186.59931783076667,5.576228239038976,41,Control,post_05
157,192.61204013377926,14.130892529231232,199.08695652173913,12.604197098548358,216.60079051383397,176.7819842048436,7.537743423370497,23,Control,post_10
